{"cameraMode":{"drawMode":0,"name":"Shaded","section":"Shading Mode"},"sceneLighting":false,"audioPlay":false,"sceneViewState":{"m_AlwaysRefresh":false,"showFog":false,"showSkybox":false,"showFlares":false,"showImageEffects":false,"showParticleSystems":false,"showVisualEffectGraphs":true,"m_FxEnabled":true},"in2DMode":false,"pivot":{"x":0.34556451439857485,"y":0.7730210423469544,"z":-0.05784483999013901},"rotation":{"x":-0.02607128582894802,"y":-0.9563254117965698,"z":0.09102408587932587,"w":-0.27711814641952517},"size":3.3326351642608644,"orthographic":false}