{"cameraMode":{"drawMode":0,"name":"Shaded","section":"Shading Mode"},"sceneLighting":false,"audioPlay":false,"sceneViewState":{"m_AlwaysRefresh":false,"showFog":false,"showSkybox":false,"showFlares":false,"showImageEffects":false,"showParticleSystems":false,"showVisualEffectGraphs":true,"m_FxEnabled":true},"in2DMode":false,"pivot":{"x":0.16204406321048737,"y":-0.08929983526468277,"z":-1.5695643424987794},"rotation":{"x":-0.03212372586131096,"y":-0.8961605429649353,"z":0.06639303267002106,"w":-0.4379264712333679},"size":3.3326351642608644,"orthographic":false}