{"cameraMode":{"drawMode":0,"name":"Shaded","section":"Shading Mode"},"sceneLighting":true,"audioPlay":false,"sceneViewState":{"m_AlwaysRefresh":false,"showFog":true,"showSkybox":true,"showFlares":true,"showImageEffects":true,"showParticleSystems":true,"showVisualEffectGraphs":true,"m_FxEnabled":true},"in2DMode":false,"pivot":{"x":2.9666037559509279,"y":-0.5445029735565186,"z":-16.915069580078126},"rotation":{"x":0.004959433805197477,"y":0.9949080944061279,"z":-0.0615803599357605,"w":0.08138501644134522},"size":9.670162200927735,"orthographic":false}