{"cameraMode":{"drawMode":0,"name":"Shaded","section":"Shading Mode"},"sceneLighting":true,"audioPlay":false,"sceneViewState":{"m_AlwaysRefresh":false,"showFog":true,"showSkybox":true,"showFlares":true,"showImageEffects":true,"showParticleSystems":true,"showVisualEffectGraphs":true,"m_FxEnabled":true},"in2DMode":false,"pivot":{"x":0.49099111557006838,"y":3.442195177078247,"z":-4.54011869430542},"rotation":{"x":0.2770003378391266,"y":-0.030266525223851205,"z":0.00872796680778265,"w":0.9603731632232666},"size":13.63247299194336,"orthographic":false}