{"cameraMode":{"drawMode":0,"name":"Shaded","section":"Shading Mode"},"sceneLighting":true,"audioPlay":false,"sceneViewState":{"m_AlwaysRefresh":false,"showFog":true,"showSkybox":true,"showFlares":true,"showImageEffects":true,"showParticleSystems":true,"showVisualEffectGraphs":true,"m_FxEnabled":true},"in2DMode":false,"pivot":{"x":13.500679016113282,"y":2.6329548358917238,"z":-0.31774288415908816},"rotation":{"x":-0.014523171819746495,"y":0.6126111745834351,"z":-0.011152421124279499,"w":-0.7902962565422058},"size":0.8660253882408142,"orthographic":false}