{"cameraMode":{"drawMode":0,"name":"Shaded","section":"Shading Mode"},"sceneLighting":true,"audioPlay":false,"sceneViewState":{"m_AlwaysRefresh":false,"showFog":true,"showSkybox":true,"showFlares":true,"showImageEffects":true,"showParticleSystems":true,"showVisualEffectGraphs":true,"m_FxEnabled":true},"in2DMode":false,"pivot":{"x":0.1057194173336029,"y":18.714078903198243,"z":-16.637609481811525},"rotation":{"x":0.39276906847953799,"y":0.02619927190244198,"z":-0.011197092942893505,"w":0.9192087054252625},"size":6.640530586242676,"orthographic":false}