{"cameraMode":{"drawMode":0,"name":"Shaded","section":"Shading Mode"},"sceneLighting":true,"audioPlay":false,"sceneViewState":{"m_AlwaysRefresh":false,"showFog":true,"showSkybox":true,"showFlares":true,"showImageEffects":true,"showParticleSystems":true,"showVisualEffectGraphs":true,"m_FxEnabled":true},"in2DMode":false,"pivot":{"x":-22.147626876831056,"y":2.006072998046875,"z":-19.513660430908204},"rotation":{"x":-0.10491672903299332,"y":-0.8848399519920349,"z":0.24245372414588929,"w":-0.38416436314582827},"size":15.903358459472657,"orthographic":false}