{"cameraMode":{"drawMode":0,"name":"Shaded","section":"Shading Mode"},"sceneLighting":true,"audioPlay":false,"sceneViewState":{"m_AlwaysRefresh":false,"showFog":true,"showSkybox":true,"showFlares":true,"showImageEffects":true,"showParticleSystems":true,"showVisualEffectGraphs":true,"m_FxEnabled":true},"in2DMode":false,"pivot":{"x":-1.6456886529922486,"y":2.2702836990356447,"z":3.2528629302978517},"rotation":{"x":-0.19436950981616975,"y":-0.8054093718528748,"z":0.3925301134586334,"w":-0.39973771572113039},"size":5.642932415008545,"orthographic":false}