{"cameraMode":{"drawMode":0,"name":"Shaded","section":"Shading Mode"},"sceneLighting":true,"audioPlay":false,"sceneViewState":{"m_AlwaysRefresh":false,"showFog":true,"showSkybox":true,"showFlares":true,"showImageEffects":true,"showParticleSystems":true,"showVisualEffectGraphs":true,"m_FxEnabled":true},"in2DMode":false,"pivot":{"x":2.1016602516174318,"y":-9.68099308013916,"z":5.217128276824951},"rotation":{"x":-0.007181321270763874,"y":0.05846116691827774,"z":0.0003771820047404617,"w":0.9983051419258118},"size":18.26363182067871,"orthographic":false}